date,gsp_id,generation_mw,capacity_mwp,installedcapacity_mwp,site_count,gsp_lat,gsp_lon,region_name,TOA_SW_DWN,ALLSKY_SFC_SW_DWN,T2M,T2M_MIN,T2M_MAX,T2MDEW,WS2M,PRECTOTCORR
2023-01-01,30,1.3614846004255319,116.66816999999999,123.32015,40216.0,51.60402,-0.04604,Tottenham,6.84,2.39,9.18,6.36,10.58,8.37,4.48,2.26
2023-01-02,30,5.8807248760416675,116.68742000000002,123.34211,40750.0,51.60402,-0.04604,Tottenham,6.89,3.87,4.84,-0.06,7.32,4.5,1.98,1.03
2023-01-03,30,1.0676775814583335,116.78799,123.44538,17696.0,51.60402,-0.04604,Tottenham,6.95,0.9,7.7,-0.01,11.58,7.51,5.55,5.1
2023-01-04,30,1.4988515233333333,116.80942,123.46951,34537.0,51.60402,-0.04604,Tottenham,7.02,2.28,11.06,9.31,12.39,9.94,6.86,0.85
2023-01-05,30,1.6527867291666667,116.86552,123.52832,33207.0,51.60402,-0.04604,Tottenham,7.09,2.26,9.94,8.48,12.27,9.15,4.76,0.68
2023-01-06,30,3.754195681910208,116.90641999999998,123.57192000000002,41188.0,51.60402,-0.04604,Tottenham,7.16,2.88,8.65,4.3,11.03,7.83,4.61,2.85
2023-01-07,30,0.9953148809523809,116.9095,123.5777,23802.0,51.60402,-0.04604,Tottenham,7.24,1.4,8.98,6.3,11.05,7.62,6.97,5.51
2023-01-08,30,2.717820745833333,116.90905,123.57995999999999,26800.0,51.60402,-0.04604,Tottenham,7.32,1.85,6.96,4.39,9.08,5.99,5.2,4.54
2023-01-09,30,5.1278335925,116.94748,123.6211,39040.0,51.60402,-0.04604,Tottenham,7.41,4.04,5.21,3.29,7.61,4.07,4.7,2.38
2023-01-10,30,0.5800972787234042,116.98718000000001,123.6635,14027.0,51.60402,-0.04604,Tottenham,7.5,1.05,7.77,2.45,11.89,7.16,5.91,9.1
2023-01-11,30,5.07269706773125,117.02230000000002,123.70133,27712.0,51.60402,-0.04604,Tottenham,7.6,2.86,8.0,6.11,9.62,6.69,6.2,2.31
2023-01-12,30,0.7534274957083333,117.07501,123.75675,26105.0,51.60402,-0.04604,Tottenham,7.7,1.46,9.76,6.0,11.34,8.44,7.66,5.77
2023-01-13,30,5.736119783333333,117.14230000000002,123.82675,41572.0,51.60402,-0.04604,Tottenham,7.81,4.62,6.64,4.53,8.71,4.99,6.47,1.05
2023-01-14,30,1.5847312620833334,117.14859,123.83575,36819.0,51.60402,-0.04604,Tottenham,7.92,2.34,8.23,4.74,11.65,6.83,6.43,9.82
2023-01-15,30,6.669782265208333,117.14587,123.83574,42777.0,51.60402,-0.04604,Tottenham,8.04,3.89,4.29,2.38,6.89,2.87,5.11,0.8
2023-01-16,30,2.8285256125,117.18041999999998,123.87299,39566.0,51.60402,-0.04604,Tottenham,8.16,2.91,0.92,-5.05,4.15,0.27,4.33,13.16
2023-01-17,30,3.7587368145833335,117.22186,123.91715,40853.0,51.60402,-0.04604,Tottenham,8.29,4.59,-2.48,-4.86,2.14,-2.87,1.4,0.42
2023-01-18,30,10.062832254166667,117.26484,123.96285,39649.0,51.60402,-0.04604,Tottenham,8.42,5.12,-0.42,-2.42,2.99,-0.89,3.4,2.47
2023-01-19,30,9.4972483125,117.3288,124.02952,42105.0,51.60402,-0.04604,Tottenham,8.56,5.44,-0.53,-1.83,3.1,-0.95,2.27,0.17
2023-01-20,30,10.1435289375,117.37236,124.07579,43453.0,51.60402,-0.04604,Tottenham,8.7,5.6,0.63,-1.4,4.59,0.08,3.59,0.1
2023-01-21,30,9.940531770833333,117.37957,124.08572,43241.0,51.60402,-0.04604,Tottenham,8.85,5.59,0.68,-1.95,5.43,-0.29,1.58,0.08
2023-01-22,30,9.498915875,117.37686000000001,124.08572,40420.0,51.60402,-0.04604,Tottenham,9.0,4.01,-0.29,-2.68,4.23,-1.21,0.97,0.1
2023-01-23,30,5.659892140625,117.42883,124.14041000000002,39121.0,51.60402,-0.04604,Tottenham,9.16,5.6,-0.34,-2.84,4.43,-0.71,1.38,0.08
2023-01-24,30,1.6030771389895833,117.5104,124.2247,40168.0,51.60402,-0.04604,Tottenham,9.32,4.84,0.55,-1.74,4.15,0.3,1.42,0.15
2023-01-25,30,1.60456479375,117.5702,124.28722,35194.0,51.60402,-0.04604,Tottenham,9.48,2.29,0.8,-1.63,3.49,0.59,2.19,1.74
2023-01-26,30,3.670209182758333,117.64517,124.36491,44290.0,51.60402,-0.04604,Tottenham,9.65,3.89,2.66,0.45,5.57,2.26,4.23,0.69
2023-01-27,30,7.1540334552083324,117.77612,124.49858,43674.0,51.60402,-0.04604,Tottenham,9.83,3.6,2.91,-0.76,6.95,1.87,3.22,0.22
2023-01-28,30,6.01932913777375,117.78816,124.51335,355062.0,51.60402,-0.04604,Tottenham,10.0,3.17,1.8,-1.74,5.88,0.79,1.38,0.15
2023-01-29,30,2.5296379625000003,117.78549,124.51340999999998,533017.0,51.60402,-0.04604,Tottenham,10.19,3.01,3.74,1.09,6.98,3.6,3.27,0.26
2023-01-30,30,10.3720879425,117.81521,124.54585000000002,565317.0,51.60402,-0.04604,Tottenham,10.38,6.09,4.42,0.62,8.09,3.56,3.5,0.09
2023-01-31,30,4.370474302083333,117.87988,124.61324,588915.0,51.60402,-0.04604,Tottenham,10.57,5.36,4.56,1.52,10.44,3.4,4.17,0.1
2023-02-01,30,8.623915643750001,117.96580999999999,124.70191,596065.0,51.60402,-0.04604,Tottenham,10.76,4.43,5.1,1.96,9.31,3.81,5.14,0.02
2023-02-02,30,3.383896104166667,118.02302000000002,124.76184,596085.0,51.60402,-0.04604,Tottenham,10.96,3.2,7.36,3.86,11.05,6.27,4.95,0.21
2023-02-03,30,6.3359768375,118.06751000000001,124.80907,530421.0,51.60402,-0.04604,Tottenham,11.17,4.4,8.48,6.79,12.12,7.26,4.29,0.1
2023-02-04,30,2.3018423374999997,118.07394,124.81823000000001,743832.0,51.60402,-0.04604,Tottenham,11.38,2.08,6.64,4.97,9.69,5.8,2.3,0.23
2023-02-05,30,11.6753845625,118.07124,124.81826,759109.0,51.60402,-0.04604,Tottenham,11.59,6.96,3.95,0.02,8.33,2.44,2.81,0.04
2023-02-06,30,14.873417104166668,118.10647999999999,124.85624,742375.0,51.60402,-0.04604,Tottenham,11.8,8.16,3.75,0.24,9.01,0.43,0.91,0.04
2023-02-07,30,12.477957854166666,118.17022000000001,124.92271,761362.0,51.60402,-0.04604,Tottenham,12.02,7.76,1.95,-0.45,7.19,0.47,0.94,0.17
2023-02-08,30,13.571961752291665,118.23889000000001,124.99411000000002,66568.0,51.60402,-0.04604,Tottenham,12.24,8.23,1.01,-1.43,7.02,0.05,1.59,0.1
2023-02-09,30,5.706597270702292,118.29271999999999,125.05068,702465.0,51.60402,-0.04604,Tottenham,12.47,6.83,3.1,-0.63,8.83,1.51,1.82,0.16
2023-02-10,30,13.483568075463333,118.35201,125.1127,754103.0,51.60402,-0.04604,Tottenham,12.7,6.08,3.03,-1.43,6.61,2.24,2.7,0.06
2023-02-11,30,2.3780072587975,118.35577,125.11921,769017.0,51.60402,-0.04604,Tottenham,12.94,3.44,6.6,4.3,10.21,5.12,1.78,0.15
2023-02-12,30,1.6345373407333332,118.35314,125.11932,765027.0,51.60402,-0.04604,Tottenham,13.18,3.2,6.57,3.09,9.25,5.24,1.23,0.29
2023-02-13,30,15.809495218750001,118.38392,125.15283,767001.0,51.60402,-0.04604,Tottenham,13.42,8.31,4.52,1.12,10.68,4.38,1.88,0.04
2023-02-14,30,13.430421540968958,118.45845000000001,125.2301,730655.0,51.60402,-0.04604,Tottenham,13.66,7.38,5.11,2.06,10.94,5.1,1.67,0.27
2023-02-15,30,15.560766656064585,118.51089,125.28528,732414.0,51.60402,-0.04604,Tottenham,13.9,8.53,7.3,1.8,12.89,6.56,2.98,0.23
2023-02-16,30,2.29969300079375,118.57482,125.35196,755656.0,51.60402,-0.04604,Tottenham,14.16,3.85,8.65,5.72,11.65,7.96,4.05,0.93
2023-02-17,30,3.6882431532697915,118.64164,125.42153,761243.0,51.60402,-0.04604,Tottenham,14.41,4.84,10.56,8.23,13.87,9.52,5.43,0.42
2023-02-18,30,3.575493768333333,118.65319,125.43581999999999,762787.0,51.60402,-0.04604,Tottenham,14.67,4.5,10.23,8.6,12.53,8.82,5.55,0.37
2023-02-19,30,14.909380935416666,118.65666,125.44204,735881.0,51.60402,-0.04604,Tottenham,14.94,8.9,8.1,5.69,12.15,6.19,3.66,0.06
2023-02-20,30,4.221175995833334,118.75947000000001,125.5476,726061.0,51.60402,-0.04604,Tottenham,15.2,7.58,8.71,5.45,13.0,7.4,4.33,0.15
2023-02-21,30,3.9925388541666664,118.80293,125.5938,783492.0,51.60402,-0.04604,Tottenham,15.47,3.71,7.51,5.4,10.05,6.65,1.84,0.21
2023-02-22,30,2.9468649977083334,118.87657,125.67019,745767.0,51.60402,-0.04604,Tottenham,15.73,4.58,6.06,3.33,9.08,5.17,2.09,2.45
2023-02-23,30,4.573192868958333,118.92547,125.72184,726111.0,51.60402,-0.04604,Tottenham,16.0,4.32,4.7,-1.1,9.14,2.88,3.52,0.71
2023-02-24,30,5.343929039231667,118.93852,125.73764,771311.0,51.60402,-0.04604,Tottenham,16.28,5.31,3.15,-1.9,9.5,1.85,2.78,0.27
2023-02-25,30,9.636191046239583,118.95247,125.75435,774476.0,51.60402,-0.04604,Tottenham,16.55,6.79,3.39,0.71,7.51,0.89,4.31,0.28
2023-02-26,30,9.654221890666667,118.94972,125.75435,746535.0,51.60402,-0.04604,Tottenham,16.84,9.44,2.23,-1.21,6.91,-1.17,3.77,0.09
2023-02-27,30,13.556239733895834,119.02150999999999,125.82889,771640.0,51.60402,-0.04604,Tottenham,17.12,6.92,2.72,-1.78,7.85,0.45,3.54,0.11
2023-02-28,30,7.130738190334792,119.07466,125.8848,792569.0,51.60402,-0.04604,Tottenham,17.41,4.84,4.51,1.52,8.78,2.73,3.94,0.54
2023-03-01,30,4.4596404537791665,119.14623,125.95913,784797.0,51.60402,-0.04604,Tottenham,17.7,5.94,4.38,0.69,8.38,2.8,3.28,0.63
2023-03-02,30,21.213601550652083,119.25446,126.07011,795048.0,51.60402,-0.04604,Tottenham,17.99,10.89,3.13,-0.51,8.79,0.98,3.41,0.02
2023-03-03,30,6.356755072354166,119.29130000000002,126.10971,787425.0,51.60402,-0.04604,Tottenham,18.28,4.37,3.79,1.41,7.65,1.37,3.16,0.18
2023-03-04,30,2.988984330414583,119.29956,126.12073,792969.0,51.60402,-0.04604,Tottenham,18.57,4.75,3.84,0.95,8.61,1.03,2.35,0.12
2023-03-05,30,5.631263422645834,119.30233,126.12626,803132.0,51.60402,-0.04604,Tottenham,18.86,6.2,1.68,-0.63,4.86,-0.27,1.83,0.28
2023-03-06,30,6.023161159583334,119.33229,126.15898,788573.0,51.60402,-0.04604,Tottenham,19.16,5.86,3.15,-1.78,8.0,2.47,3.02,1.57
2023-03-07,30,5.937608971604167,119.35808000000002,126.18754,809310.0,51.60402,-0.04604,Tottenham,19.45,6.7,2.57,-0.79,4.1,0.68,1.67,4.76
2023-03-08,30,1.330740004375,119.42634,126.25855,785561.0,51.60402,-0.04604,Tottenham,19.75,4.13,1.21,-0.45,3.3,0.28,4.18,12.0
2023-03-09,30,3.4304837722916663,119.48212,126.3171,702226.0,51.60402,-0.04604,Tottenham,20.05,3.63,5.19,0.85,9.83,4.86,2.49,11.28
2023-03-10,30,6.115181170729167,119.52814,126.36589,796092.0,51.60402,-0.04604,Tottenham,20.35,6.42,3.47,0.16,7.38,1.38,3.79,2.65
2023-03-11,30,13.379094185416667,119.53600999999999,126.37653,830594.0,51.60402,-0.04604,Tottenham,20.66,9.38,2.54,-2.42,6.7,0.08,2.29,1.5
2023-03-12,30,7.607737876458334,119.53860000000002,126.38187999999998,831841.0,51.60402,-0.04604,Tottenham,20.96,7.78,9.22,5.08,13.26,7.65,5.34,1.92
2023-03-13,30,12.47653746671479,119.62289,126.46894000000002,801801.0,51.60402,-0.04604,Tottenham,21.26,8.7,11.29,9.05,13.7,9.06,8.6,1.77
2023-03-14,30,16.688861571713126,119.70720999999999,126.55603,773353.0,51.60402,-0.04604,Tottenham,21.56,11.88,5.83,2.94,8.94,1.78,4.46,1.78
2023-03-15,30,11.210470778604167,119.7315,126.58308,797407.0,51.60402,-0.04604,Tottenham,21.87,7.92,4.57,1.11,7.29,2.47,2.96,3.31
2023-03-16,30,16.0218156774875,119.8195,126.67385,731873.0,51.60402,-0.04604,Tottenham,22.17,7.63,9.8,7.24,12.86,7.98,4.7,1.1
2023-03-17,30,8.174823126458334,119.98323,126.84035999999999,743718.0,51.60402,-0.04604,Tottenham,22.48,8.04,10.43,8.62,13.98,9.06,3.26,3.56
2023-03-18,30,9.538374054166667,119.99840999999999,126.85832,811673.0,51.60402,-0.04604,Tottenham,22.79,8.86,10.11,7.76,13.42,8.24,2.95,2.05
2023-03-19,30,10.064951867708333,120.00146,126.86415,820320.0,51.60402,-0.04604,Tottenham,23.09,9.05,7.83,4.83,11.92,5.17,2.83,1.37
2023-03-20,30,3.129186977091667,120.06452,126.92998,835803.0,51.60402,-0.04604,Tottenham,23.39,4.98,9.12,5.68,12.77,8.04,4.07,2.34
2023-03-21,30,8.112397795416667,120.14191,127.01015,843038.0,51.60402,-0.04604,Tottenham,23.7,10.49,10.16,7.89,13.56,8.38,5.15,0.92
2023-03-22,30,4.5973422458333335,120.21193,127.08295,847432.0,51.60402,-0.04604,Tottenham,24.0,11.23,10.54,8.54,13.63,8.82,6.77,3.17
2023-03-23,30,10.434429035833334,120.27292,127.14672,845014.0,51.60402,-0.04604,Tottenham,24.31,10.3,10.68,7.98,14.2,8.3,6.6,3.5
2023-03-24,30,14.732619925,120.32839,127.20497,844868.0,51.60402,-0.04604,Tottenham,24.61,12.06,9.74,7.53,13.17,7.34,6.15,1.8
2023-03-25,30,13.458852625,120.32558,127.20495,830926.0,51.60402,-0.04604,Tottenham,24.92,12.08,9.4,6.93,13.38,6.58,5.72,1.67
2023-03-26,30,6.526376811458333,120.32258958333334,127.20475,805289.0,51.60402,-0.04604,Tottenham,25.23,6.88,6.65,1.58,9.02,4.95,2.91,8.67
2023-03-27,30,20.34045190766875,120.36000958333334,127.24495,789654.0,51.60402,-0.04604,Tottenham,25.54,14.81,4.69,-0.58,10.27,0.05,1.72,0.22
2023-03-28,30,5.029352685416667,120.39676958333332,127.28449,801073.0,51.60402,-0.04604,Tottenham,25.84,5.02,6.76,2.2,10.26,4.45,4.66,3.68
2023-03-29,30,6.13274597589625,120.48396958333332,127.37448,795758.0,51.60402,-0.04604,Tottenham,26.16,4.31,10.94,8.05,13.94,9.51,4.49,1.8
2023-03-30,30,12.475418407574999,120.55895958333333,127.45225,788406.0,51.60402,-0.04604,Tottenham,26.46,12.15,11.56,9.7,14.96,9.19,6.02,6.11
2023-03-31,30,7.3753541643425,120.57337958333333,127.46945999999998,808263.0,51.60402,-0.04604,Tottenham,26.76,6.86,10.58,8.81,12.92,9.07,6.31,11.7
2023-04-01,30,10.090414873958332,120.57291958333333,127.47182,812233.0,51.60402,-0.04604,Tottenham,27.06,7.1,8.26,5.53,11.24,6.51,4.09,1.27
2023-04-02,30,16.33592791891458,120.58661958333333,127.48831,841250.0,51.60402,-0.04604,Tottenham,27.37,10.72,6.74,1.03,11.82,2.83,3.83,0.04
2023-04-03,30,24.545492865624997,120.68282958333333,127.58731,821890.0,51.60402,-0.04604,Tottenham,27.66,18.32,5.34,0.64,11.98,1.06,3.09,0.0
2023-04-04,30,30.075554188125,120.76855958333333,127.67583,826187.0,51.60402,-0.04604,Tottenham,27.96,20.76,5.94,-0.46,13.14,0.95,1.72,0.0
2023-04-05,30,14.863098498395834,120.79811958333333,127.70819,834636.0,51.60402,-0.04604,Tottenham,28.26,9.93,6.84,0.08,12.08,3.93,2.03,2.33
2023-04-06,30,14.630514479166665,120.82784958333333,127.74070999999999,814552.0,51.60402,-0.04604,Tottenham,28.56,12.13,9.33,4.55,13.21,6.9,3.54,2.91
2023-04-07,30,25.385786737708333,120.86333958333331,127.77901000000001,820756.0,51.60402,-0.04604,Tottenham,28.86,20.44,7.82,3.17,13.84,3.97,2.12,0.17
2023-04-08,30,22.17657299318333,120.87584958333333,127.79431,822966.0,51.60402,-0.04604,Tottenham,29.15,18.65,8.01,3.01,14.08,5.19,1.34,0.06
2023-04-09,30,23.632090809874583,120.87307958333334,127.79433999999999,828124.0,51.60402,-0.04604,Tottenham,29.44,15.97,9.36,4.01,15.38,6.23,2.64,0.05
2023-04-10,30,11.421240610416667,120.92367958333334,127.84774,819488.0,51.60402,-0.04604,Tottenham,29.72,12.71,10.48,6.19,14.72,7.87,5.56,8.53
2023-04-11,30,12.576499329166666,121.00457958333334,127.93143000000002,815920.0,51.60402,-0.04604,Tottenham,30.01,12.26,8.19,4.3,12.36,5.77,5.52,6.1
2023-04-12,30,17.13853514380298,121.07527958333334,128.00494,818171.0,51.60402,-0.04604,Tottenham,30.3,14.41,6.81,3.33,9.89,4.4,6.05,3.55
2023-04-13,30,24.788333179166667,121.15129958333334,128.08375,821485.0,51.60402,-0.04604,Tottenham,30.58,20.02,7.64,2.91,12.02,3.0,4.74,0.34
2023-04-14,30,8.854770386918124,121.18389958333331,128.11915,821086.0,51.60402,-0.04604,Tottenham,30.86,8.63,7.25,2.27,11.45,4.98,2.97,8.13
2023-04-15,30,19.186235288270833,121.19814958333332,128.13622,843521.0,51.60402,-0.04604,Tottenham,31.14,13.88,9.06,5.9,13.62,6.29,2.69,1.3
2023-04-16,30,18.050382487856876,121.19537958333332,128.13625,856134.0,51.60402,-0.04604,Tottenham,31.42,10.94,10.49,5.75,15.13,7.79,1.02,0.33
2023-04-17,30,26.80393581819479,121.25877958333332,128.20245,824249.0,51.60402,-0.04604,Tottenham,31.69,11.81,10.69,6.53,16.02,6.83,2.38,0.16
2023-04-18,30,12.478512048166666,121.35127979166667,128.29776,818205.0,51.60402,-0.04604,Tottenham,31.96,14.98,8.4,4.34,12.19,5.01,4.77,0.09
2023-04-19,30,21.979830632020835,121.41121958333333,128.36051,853583.0,51.60402,-0.04604,Tottenham,32.23,13.88,9.98,5.53,15.26,5.69,5.16,0.02
2023-04-20,30,26.608777230016667,121.43172958333334,128.38382,852301.0,51.60402,-0.04604,Tottenham,32.5,23.49,8.24,3.65,14.33,3.23,4.76,1.11
2023-04-21,30,12.762629485474898,121.49113958333334,128.44605,857410.0,51.60402,-0.04604,Tottenham,32.77,8.15,7.42,4.7,10.96,5.42,2.46,2.97
2023-04-22,30,19.976165003830207,121.48813958333334,128.44586,859270.0,51.60402,-0.04604,Tottenham,33.04,13.4,9.16,4.66,13.37,6.01,2.06,1.01
2023-04-23,30,10.084668089699791,121.49199958333334,128.45254,859075.0,51.60402,-0.04604,Tottenham,33.3,12.41,10.0,6.55,12.19,8.24,3.08,6.21
2023-04-24,30,16.695874660770833,121.56189979166665,128.52525,849522.0,51.60402,-0.04604,Tottenham,33.56,9.96,7.65,4.12,11.48,5.15,2.58,8.47
2023-04-25,30,25.825434295833332,121.63139958333333,128.59756,849589.0,51.60402,-0.04604,Tottenham,33.81,21.49,6.43,1.08,11.69,1.57,2.3,0.06
2023-04-26,30,17.246831415291666,121.69738958333333,128.66636,861679.0,51.60402,-0.04604,Tottenham,34.06,10.81,7.74,2.8,12.15,3.27,2.3,0.06
2023-04-27,30,10.19304580098125,121.75770958333334,128.7295,873990.0,51.60402,-0.04604,Tottenham,34.3,7.65,8.96,3.79,12.81,5.9,3.87,5.8
2023-04-28,30,13.615504259666666,121.84747958333334,128.82209,881635.0,51.60402,-0.04604,Tottenham,34.54,14.04,12.44,6.51,17.26,10.13,3.09,1.21
2023-04-29,30,25.694791691666666,121.85144958333332,128.82887,883135.0,51.60402,-0.04604,Tottenham,34.78,18.74,10.99,5.83,17.6,7.34,1.53,0.04
2023-04-30,30,21.5608804375,121.84870979166665,128.82896,884487.0,51.60402,-0.04604,Tottenham,35.03,12.76,11.32,5.58,16.91,8.05,1.95,0.07
2023-05-01,30,16.953654754166667,121.86141979166666,128.84449,884315.0,51.60402,-0.04604,Tottenham,35.27,14.65,11.9,7.12,16.44,9.63,2.18,1.41
2023-05-02,30,12.677223663958335,121.90593958333334,128.89183,880753.0,51.60402,-0.04604,Tottenham,35.51,12.82,10.51,5.48,15.12,7.58,2.6,0.26
2023-05-03,30,31.310319686990624,122.01238958333333,129.0011,879556.0,51.60402,-0.04604,Tottenham,35.74,23.52,9.27,4.05,14.33,4.48,3.69,0.0
2023-05-04,30,20.78153117438375,122.10461958333333,129.09616,878199.0,51.60402,-0.04604,Tottenham,35.96,16.79,12.99,7.54,18.58,9.8,3.83,0.23
2023-05-05,30,21.471938436973957,122.25339958333332,129.24776,877462.0,51.60402,-0.04604,Tottenham,36.18,16.63,12.87,8.84,16.85,10.76,3.07,2.06
2023-05-06,30,6.108455134226605,122.25057958333333,129.24777,871590.0,51.60402,-0.04604,Tottenham,36.39,6.26,12.17,8.48,14.61,11.33,2.7,7.9
2023-05-07,30,13.42313846925,122.24773958333333,129.24776,888077.0,51.60402,-0.04604,Tottenham,36.6,16.54,14.86,9.15,20.06,12.05,1.5,1.54
2023-05-08,30,9.79049863764625,122.28186979166667,129.28472,886062.0,51.60402,-0.04604,Tottenham,36.81,8.36,12.66,9.37,16.2,10.87,3.14,8.33
2023-05-09,30,14.018131469770834,122.33692958333332,129.34261,888075.0,51.60402,-0.04604,Tottenham,37.02,13.04,13.8,10.9,18.03,11.99,2.29,9.96
2023-05-10,30,24.048938662645835,122.55214958333333,129.56067,900432.0,51.60402,-0.04604,Tottenham,37.23,18.49,12.86,8.99,17.2,10.19,2.6,3.4
2023-05-11,30,19.8238673598125,122.60090958333332,129.61226,907003.0,51.60402,-0.04604,Tottenham,37.44,18.4,12.51,7.44,17.15,8.65,1.0,1.02
2023-05-12,30,10.22313195067075,122.68325958333334,129.69745,914937.0,51.60402,-0.04604,Tottenham,37.64,12.89,10.42,8.23,14.33,8.92,4.91,3.83
2023-05-13,30,28.456525146914583,122.68036979166665,129.69741,909480.0,51.60402,-0.04604,Tottenham,37.83,13.04,11.76,7.31,17.73,9.09,3.56,0.42
2023-05-14,30,23.917510479041667,122.67755958333333,129.69743,905335.0,51.60402,-0.04604,Tottenham,38.02,20.19,12.8,6.76,19.94,9.44,1.59,0.2
2023-05-15,30,23.519430932125,122.78740958333333,129.81012,908134.0,51.60402,-0.04604,Tottenham,38.2,22.44,11.31,6.73,15.31,6.55,3.65,0.34
2023-05-16,30,28.242021891666667,122.85608958333331,129.88164,905578.0,51.60402,-0.04604,Tottenham,38.38,22.55,11.12,3.98,16.99,6.79,2.53,0.03
2023-05-17,30,21.307291188333334,122.90388958333334,129.93228,907253.0,51.60402,-0.04604,Tottenham,38.55,19.76,12.29,6.57,17.58,8.65,1.94,0.1
2023-05-18,30,24.807063868750003,123.00678958333333,130.03802,911421.0,51.60402,-0.04604,Tottenham,38.73,19.45,12.69,7.26,18.15,8.08,1.57,0.04
2023-05-19,30,18.3752879375,123.04377979166667,130.07786,913313.0,51.60402,-0.04604,Tottenham,38.89,15.89,11.49,6.98,16.27,7.88,2.13,0.65
2023-05-20,30,25.333495499999998,123.04644958333331,130.08338,912393.0,51.60402,-0.04604,Tottenham,39.05,25.99,12.43,6.37,18.76,7.59,4.05,0.18
2023-05-21,30,21.9904660573625,123.04364979166667,130.08343,913659.0,51.60402,-0.04604,Tottenham,39.2,24.51,12.88,7.14,18.67,8.58,4.02,0.02
2023-05-22,30,24.896542307592085,123.10435979166665,130.14698,904759.0,51.60402,-0.04604,Tottenham,39.34,19.35,13.5,8.62,19.88,9.17,4.09,0.02
2023-05-23,30,22.394769090308333,123.17105958333333,130.21652,933853.0,51.60402,-0.04604,Tottenham,39.48,20.49,12.12,7.3,17.08,7.93,2.68,0.01
2023-05-24,30,27.559708110078194,123.22453958333334,130.27284,929285.0,51.60402,-0.04604,Tottenham,39.62,26.83,13.87,7.03,20.3,9.95,2.27,0.01
2023-05-25,30,24.19779360887021,123.34258958333334,130.39374,935329.0,51.60402,-0.04604,Tottenham,39.76,23.93,13.05,7.8,18.51,9.19,2.95,0.04
2023-05-26,30,30.174101510739586,123.41897958333334,130.47299,936085.0,51.60402,-0.04604,Tottenham,39.9,28.81,12.11,6.58,17.73,7.16,3.8,0.01
2023-05-27,30,29.572774798508963,123.41609958333333,130.47297,936336.0,51.60402,-0.04604,Tottenham,40.03,28.03,12.58,6.99,18.76,8.55,2.62,0.02
2023-05-28,30,29.455986860885332,123.41323958333334,130.47296,927317.0,51.60402,-0.04604,Tottenham,40.17,24.43,13.39,5.8,20.05,7.95,3.67,0.01
2023-05-29,30,28.82428672654706,123.41833958333332,130.48092,445804.0,51.60402,-0.04604,Tottenham,40.29,25.13,11.57,6.67,16.55,6.22,4.62,0.0
2023-05-30,30,29.750500069574468,123.49540958333334,130.56085,40709.0,51.60402,-0.04604,Tottenham,40.41,22.26,12.68,7.19,18.06,8.51,4.67,0.11
2023-05-31,30,26.036530012708337,123.56328958333332,130.63159,917477.0,51.60402,-0.04604,Tottenham,40.52,17.88,13.75,10.0,18.99,10.15,4.38,0.19
2023-06-01,30,26.005845946187502,123.63843958333332,130.70959,919871.0,51.60402,-0.04604,Tottenham,40.63,20.66,13.33,9.21,18.69,8.72,4.25,0.05
2023-06-02,30,24.011354153125,123.76014958333333,130.83416,915362.0,51.60402,-0.04604,Tottenham,40.72,24.9,12.57,7.76,17.66,6.73,4.13,0.01
2023-06-03,30,24.098448557708334,123.76162979166666,130.83851,916425.0,51.60402,-0.04604,Tottenham,40.82,25.61,14.05,7.68,20.74,9.34,3.98,0.06
2023-06-04,30,28.573392273333337,123.75903958333333,130.83878,904789.0,51.60402,-0.04604,Tottenham,40.91,29.47,13.94,7.99,20.11,8.74,3.68,0.02
2023-06-05,30,30.512630327420833,123.79755958333334,130.88016,907036.0,51.60402,-0.04604,Tottenham,40.99,18.95,13.06,8.23,18.6,8.62,3.5,0.07
2023-06-06,30,27.0730330773375,123.85228958333333,130.93776,882898.0,51.60402,-0.04604,Tottenham,41.08,14.8,13.2,8.47,18.3,8.54,3.67,0.04
2023-06-07,30,26.573843217129166,123.92313958333334,131.01147,905653.0,51.60402,-0.04604,Tottenham,41.16,24.57,13.7,7.16,20.23,9.84,3.61,0.03
2023-06-08,30,26.530426152083333,123.96622958333332,131.05742,911622.0,51.60402,-0.04604,Tottenham,41.22,28.87,14.22,8.13,20.49,9.14,4.12,0.08
2023-06-09,30,25.957862562245833,124.15617958333333,131.25023,220291.0,51.60402,-0.04604,Tottenham,41.28,27.69,16.74,10.19,22.88,12.96,4.48,0.05
2023-06-10,30,25.510226974104167,124.17028958333333,131.26722,226162.0,51.60402,-0.04604,Tottenham,41.34,23.7,19.67,12.37,26.65,15.19,3.25,0.14
2023-06-11,30,15.733858277835417,124.16739979166665,131.26721,832037.0,51.60402,-0.04604,Tottenham,41.4,18.04,20.83,13.69,27.58,15.68,1.17,0.47
2023-06-12,30,20.306544868958333,124.29018958333332,131.39286,833848.0,51.60402,-0.04604,Tottenham,41.44,18.78,20.55,14.98,25.89,16.57,1.52,3.01
2023-06-13,30,26.884329537916667,124.38937958333334,131.49492,795840.0,51.60402,-0.04604,Tottenham,41.49,28.44,18.53,12.36,25.47,12.98,3.47,0.52
2023-06-14,30,26.693178055416666,124.45430958333334,131.56274,799334.0,51.60402,-0.04604,Tottenham,41.53,29.53,18.08,10.5,25.38,12.44,2.91,0.02
2023-06-15,30,26.65817079375,124.51915958333332,131.63045,628564.0,51.60402,-0.04604,Tottenham,41.56,27.36,18.44,10.77,25.23,13.14,2.28,0.06
2023-06-16,30,27.000074740625,124.60401958333334,131.7182,629915.0,51.60402,-0.04604,Tottenham,41.58,27.38,18.37,11.08,24.79,11.94,2.11,0.05
2023-06-17,30,21.104966568958332,124.61001958333334,131.72708,626122.0,51.60402,-0.04604,Tottenham,41.59,18.38,18.2,12.59,24.08,13.19,2.33,0.24
2023-06-18,30,14.116827966958333,124.60711958333333,131.72707,639918.0,51.60402,-0.04604,Tottenham,41.6,14.46,18.86,15.9,22.27,16.92,2.05,26.04
2023-06-19,30,24.177615285143748,124.67532958333334,131.79816,632663.0,51.60402,-0.04604,Tottenham,41.61,23.9,18.26,13.11,22.71,14.44,2.77,0.31
2023-06-20,30,16.705279223125,124.76025979166667,131.88597,629451.0,51.60402,-0.04604,Tottenham,41.61,12.94,18.47,14.57,22.49,16.05,3.08,6.48
2023-06-21,30,28.122685887,124.85354958333333,131.98214,630482.0,51.60402,-0.04604,Tottenham,41.61,23.86,18.78,12.81,23.69,14.67,2.42,0.25
2023-06-22,30,27.496821107929375,125.00019979166667,132.13168,628651.0,51.60402,-0.04604,Tottenham,41.61,23.87,19.83,13.56,25.63,15.25,1.42,0.3
2023-06-23,30,27.451858128958335,125.11733958333333,132.2517,624383.0,51.60402,-0.04604,Tottenham,41.6,23.48,19.83,14.17,24.73,14.68,2.09,0.06
2023-06-24,30,27.623557597502085,125.13509958333333,132.27236,625381.0,51.60402,-0.04604,Tottenham,41.58,20.72,20.71,13.24,26.79,16.12,1.98,0.04
2023-06-25,30,28.204014047458333,125.14230958333333,132.28247,628502.0,51.60402,-0.04604,Tottenham,41.56,26.49,21.1,14.58,27.24,15.46,4.09,0.01
2023-06-26,30,22.8661040672125,125.21374958333332,132.3568,627771.0,51.60402,-0.04604,Tottenham,41.53,23.01,17.33,12.38,21.43,11.36,3.53,0.04
2023-06-27,30,20.858374665333333,125.30928958333334,132.45523,637850.0,51.60402,-0.04604,Tottenham,41.48,11.17,17.58,11.9,21.92,12.76,2.61,0.04
2023-06-28,30,19.554074695579164,125.38657958333333,132.53542,549334.0,51.60402,-0.04604,Tottenham,41.43,9.3,19.54,14.17,24.41,16.15,2.66,0.49
2023-06-29,30,16.626776860416665,125.48101958333332,132.63276,694518.0,51.60402,-0.04604,Tottenham,41.38,21.33,17.79,14.54,21.65,13.26,2.25,5.78
2023-06-30,30,10.96010432280625,125.53483958333334,132.68947,715589.0,51.60402,-0.04604,Tottenham,41.34,11.14,16.44,11.57,19.59,12.54,3.76,1.05
2023-07-01,30,18.15788130375,125.53192958333334,132.68948,676012.0,51.60402,-0.04604,Tottenham,41.29,17.16,18.16,12.84,22.69,12.72,4.1,0.25
2023-07-02,30,22.330457101830834,125.53105958333333,132.69151,677393.0,51.60402,-0.04604,Tottenham,41.23,21.05,16.15,10.55,20.65,8.94,3.9,0.0
2023-07-03,30,19.670030246834582,125.65565958333333,132.81901,668296.0,51.60402,-0.04604,Tottenham,41.17,17.62,15.67,11.44,19.53,9.58,5.06,0.53
2023-07-04,30,13.568473367104167,125.68923979166665,132.8555,663093.0,51.60402,-0.04604,Tottenham,41.1,8.11,14.92,11.8,18.25,11.52,3.21,13.12
2023-07-05,30,21.588562266191875,125.75431958333333,132.92348,672685.0,51.60402,-0.04604,Tottenham,41.02,19.7,15.2,9.83,20.18,10.28,4.06,1.27
2023-07-06,30,26.10290534405029,125.85412958333332,133.02619,678393.0,51.60402,-0.04604,Tottenham,40.94,20.96,15.98,9.5,21.64,10.17,2.95,0.06
2023-07-07,30,29.400391702996668,125.94029958333333,133.11528,674276.0,51.60402,-0.04604,Tottenham,40.84,29.12,19.72,10.72,26.55,12.99,2.6,0.0
2023-07-08,30,12.58043957753125,125.94460958333333,133.1225,678290.0,51.60402,-0.04604,Tottenham,40.74,12.09,20.84,16.53,26.06,16.65,1.97,3.02
2023-07-09,30,17.259075048958334,125.94497958333334,133.12579,689999.0,51.60402,-0.04604,Tottenham,40.64,18.97,18.12,14.3,22.12,13.9,2.62,0.64
2023-07-10,30,25.043077690125,125.98307958333334,133.1668,713333.0,51.60402,-0.04604,Tottenham,40.54,16.46,18.5,12.24,23.23,13.53,3.85,0.19
2023-07-11,30,17.568271409791667,126.06656958333333,133.25321,714874.0,51.60402,-0.04604,Tottenham,40.43,15.32,18.4,14.62,21.74,14.03,4.7,0.83
2023-07-12,30,21.754880998125,126.20059958333333,133.39015,724965.0,51.60402,-0.04604,Tottenham,40.32,19.51,17.31,12.26,21.55,12.11,4.05,1.0
2023-07-13,30,18.701166570166667,126.27651958333333,133.46899,708044.0,51.60402,-0.04604,Tottenham,40.2,16.09,17.11,11.7,21.65,12.48,3.3,0.97
2023-07-14,30,7.080827883333334,126.31362958333334,133.50902,720554.0,51.60402,-0.04604,Tottenham,40.07,4.84,16.63,12.06,19.91,14.58,3.77,12.83
2023-07-15,30,20.4910750950625,126.31876958333334,133.51707,720455.0,51.60402,-0.04604,Tottenham,39.95,19.32,17.45,14.44,20.93,13.08,7.01,1.66
2023-07-16,30,23.70180823708333,126.31582958333333,133.51706,731460.0,51.60402,-0.04604,Tottenham,39.82,18.45,16.72,13.08,20.77,11.47,5.36,0.32
2023-07-17,30,25.643498703333332,126.35865958333333,133.56281,706208.0,51.60402,-0.04604,Tottenham,39.69,23.41,16.93,11.87,21.58,11.48,3.54,0.67
2023-07-18,30,23.6200160144375,126.42538958333331,133.63247,712961.0,51.60402,-0.04604,Tottenham,39.54,17.49,17.09,12.22,21.75,11.69,1.77,0.33
2023-07-19,30,18.490268652395834,126.50808958333333,133.71809,699485.0,51.60402,-0.04604,Tottenham,39.4,18.03,17.5,12.01,22.98,12.83,2.7,0.81
2023-07-20,30,22.17831673226146,126.56615958333333,133.77907,709855.0,51.60402,-0.04604,Tottenham,39.25,19.57,17.28,10.99,22.49,11.27,1.51,0.32
2023-07-21,30,17.26974828684375,126.62247958333332,133.83833,713612.0,51.60402,-0.04604,Tottenham,39.1,16.34,16.27,10.92,20.43,10.47,2.63,0.39
2023-07-22,30,9.476192563803126,126.62726958333333,133.84605,711546.0,51.60402,-0.04604,Tottenham,38.95,7.37,15.78,12.15,19.98,12.73,5.01,9.0
2023-07-23,30,20.72173195897083,126.63459958333334,133.85631,714872.0,51.60402,-0.04604,Tottenham,38.79,19.12,19.09,15.15,23.61,14.85,4.97,0.93
2023-07-24,30,11.207874619166667,126.68661958333333,133.91125,705926.0,51.60402,-0.04604,Tottenham,38.63,9.82,15.94,11.98,19.05,12.69,2.7,4.12
2023-07-25,30,18.454677397395834,126.74447958333333,133.97205,711689.0,51.60402,-0.04604,Tottenham,38.45,18.88,15.31,10.9,20.25,9.91,2.16,1.97
2023-07-26,30,21.601535295520833,126.84106958333332,134.07157,713529.0,51.60402,-0.04604,Tottenham,38.28,18.64,15.9,9.43,20.64,10.67,2.96,8.7
2023-07-27,30,4.306984907932896,126.88961958333333,134.12304,709168.0,51.60402,-0.04604,Tottenham,38.1,13.72,19.3,15.97,23.7,16.76,4.61,4.04
2023-07-28,30,15.41866856685827,127.00464958333333,134.24101,844061.0,51.60402,-0.04604,Tottenham,37.92,14.4,18.84,13.6,23.83,15.01,3.23,0.33
2023-07-29,30,24.300322633333334,127.01307958333332,134.25237,893204.0,51.60402,-0.04604,Tottenham,37.74,20.89,18.49,14.24,22.8,12.88,4.23,0.5
2023-07-30,30,10.783709478922658,127.01015958333333,134.25239,903120.0,51.60402,-0.04604,Tottenham,37.54,11.85,17.23,13.05,21.45,13.9,5.12,5.2
2023-07-31,30,6.593136552083333,127.07529958333333,134.3205,897544.0,51.60402,-0.04604,Tottenham,37.34,9.15,17.58,13.2,22.19,14.13,4.95,1.94
2023-08-01,30,19.97071952625,127.18137958333334,134.42951,873203.0,51.60402,-0.04604,Tottenham,37.14,18.71,17.39,12.99,22.53,12.72,4.18,1.69
2023-08-02,30,12.848605006249999,127.26087958333333,134.51196,879925.0,51.60402,-0.04604,Tottenham,36.94,14.12,17.48,14.59,20.34,14.62,5.18,15.35
2023-08-03,30,18.840540746041665,127.30118958333334,134.5552,877009.0,51.60402,-0.04604,Tottenham,36.74,15.06,17.01,13.32,21.58,12.4,3.23,1.94
2023-08-04,30,16.379904005208335,127.37368958333333,134.63065,883100.0,51.60402,-0.04604,Tottenham,36.54,12.19,16.71,12.2,20.67,12.91,2.3,1.79
2023-08-05,30,10.426323881916666,127.37072958333333,134.63063,877567.0,51.60402,-0.04604,Tottenham,36.33,9.59,14.93,11.49,20.29,12.44,4.16,10.93
2023-08-06,30,20.64770915,127.367779375,134.63063,873150.0,51.60402,-0.04604,Tottenham,36.12,19.03,14.48,9.62,18.9,10.16,4.25,2.41
2023-08-07,30,24.62916732416667,127.51471958333333,134.78051,869363.0,51.60402,-0.04604,Tottenham,35.9,20.16,15.65,9.24,21.79,10.53,3.16,0.05
2023-08-08,30,7.107706730583334,127.58961958333333,134.85836,853284.0,51.60402,-0.04604,Tottenham,35.68,8.2,15.06,9.83,19.07,12.9,3.02,3.17
2023-08-09,30,23.978478054549374,127.64509958333333,134.91679,865171.0,51.60402,-0.04604,Tottenham,35.45,22.71,17.62,10.69,23.9,12.78,1.62,0.14
2023-08-10,30,24.92402730025792,127.692949375,134.96759,865199.0,51.60402,-0.04604,Tottenham,35.22,20.96,19.26,12.69,24.73,15.19,2.43,0.01
2023-08-11,30,11.999500124622918,127.74938958333333,135.02698,878515.0,51.60402,-0.04604,Tottenham,34.99,18.42,19.61,15.55,24.19,16.25,3.57,0.28
2023-08-12,30,18.044875333564168,127.76026958333334,135.04082,888168.0,51.60402,-0.04604,Tottenham,34.76,14.92,18.12,12.97,22.47,13.84,4.71,0.25
2023-08-13,30,20.717804798277083,127.75730958333334,135.04082,894936.0,51.60402,-0.04604,Tottenham,34.52,13.23,18.2,14.38,22.15,13.87,4.01,0.38
2023-08-14,30,14.39485508857704,127.77946958333332,135.06593,857269.0,51.60402,-0.04604,Tottenham,34.28,11.45,18.57,14.67,22.51,15.59,4.09,4.04
2023-08-15,30,27.766970656441668,127.96391958333334,135.25336,860144.0,51.60402,-0.04604,Tottenham,34.03,18.81,18.01,11.16,23.97,13.15,1.95,0.07
2023-08-16,30,24.413316229139582,128.04044958333333,135.33284,863585.0,51.60402,-0.04604,Tottenham,33.78,19.52,18.61,13.07,24.87,13.56,2.04,0.04
2023-08-17,30,22.585000350722293,128.10537958333333,135.40073,866148.0,51.60402,-0.04604,Tottenham,33.53,17.3,18.7,14.29,23.78,14.06,3.97,0.14
2023-08-18,30,16.937622988333334,128.26402958333333,135.56234,869359.0,51.60402,-0.04604,Tottenham,33.28,11.52,19.45,15.62,22.94,17.3,3.77,7.44
2023-08-19,30,23.241026129166666,128.26686958333335,135.56815,865146.0,51.60402,-0.04604,Tottenham,33.03,17.96,19.83,14.82,24.13,15.8,4.32,1.57
2023-08-20,30,26.654300122916666,128.26388958333334,135.56814,868628.0,51.60402,-0.04604,Tottenham,32.77,18.75,18.76,13.11,24.37,14.38,2.58,0.09
2023-08-21,30,21.594530514375,128.32654958333333,135.63376,862224.0,51.60402,-0.04604,Tottenham,32.51,18.48,18.18,11.62,24.12,13.79,2.36,0.03
2023-08-22,30,23.490262263333335,128.37625958333334,135.68644,863868.0,51.60402,-0.04604,Tottenham,32.25,19.83,19.09,14.31,25.23,14.13,2.73,0.04
2023-08-23,30,28.714740378812497,128.46256958333333,135.77571,864579.0,51.60402,-0.04604,Tottenham,31.98,19.42,19.51,12.19,26.11,14.11,1.23,0.03
2023-08-24,30,8.717383447297708,128.50976958333334,135.82588,858636.0,51.60402,-0.04604,Tottenham,31.71,14.02,19.98,15.16,26.69,16.71,1.91,6.64
2023-08-25,30,23.457640577122916,128.58933958333333,135.90843,854635.0,51.60402,-0.04604,Tottenham,31.44,15.44,16.17,11.01,21.59,10.11,2.79,1.09
2023-08-26,30,18.44511960824375,128.59487958333332,135.91694,854116.0,51.60402,-0.04604,Tottenham,31.17,13.81,15.23,11.68,19.36,11.68,2.41,2.82
2023-08-27,30,21.828990291666667,128.59190958333335,135.91695,857603.0,51.60402,-0.04604,Tottenham,30.9,13.91,14.8,9.48,19.58,11.01,2.87,1.83
2023-08-28,30,17.375121306249998,128.61272958333333,135.94074,856093.0,51.60402,-0.04604,Tottenham,30.63,13.37,15.19,9.06,21.16,11.02,1.95,0.27
2023-08-29,30,14.425174087291666,128.69338958333333,136.02438,816081.0,51.60402,-0.04604,Tottenham,30.35,13.73,15.77,9.75,21.15,11.22,2.26,0.67
2023-08-30,30,17.04085600625,128.76266958333335,136.09662,811936.0,51.60402,-0.04604,Tottenham,30.08,15.28,14.9,9.41,19.85,10.16,3.08,0.75
2023-08-31,30,6.2504504149999995,128.84726958333334,136.1842,823733.0,51.60402,-0.04604,Tottenham,29.8,8.14,14.61,9.83,19.29,11.58,2.02,2.05
2023-09-01,30,16.28556692894232,128.90160958333334,136.24152,828982.0,51.60402,-0.04604,Tottenham,29.53,12.16,18.79,13.92,23.39,15.21,0.7,3.1
2023-09-02,30,18.9829060426625,128.90492958333334,136.24782,834198.0,51.60402,-0.04604,Tottenham,29.24,13.89,18.66,14.41,24.02,15.73,2.43,0.55
2023-09-03,30,22.569912181809585,128.90193958333333,136.24781,831487.0,51.60402,-0.04604,Tottenham,28.96,18.65,18.8,13.24,25.38,15.12,1.39,0.05
2023-09-04,30,26.532237442859167,128.93995958333335,136.28881,813299.0,51.60402,-0.04604,Tottenham,28.67,20.26,19.67,13.93,27.39,15.32,2.7,0.1
2023-09-05,30,24.23429948051208,129.10813958333333,136.45997,819636.0,51.60402,-0.04604,Tottenham,28.38,19.44,20.23,14.79,27.91,16.33,2.53,0.12
2023-09-06,30,21.504214852463544,129.15541958333333,136.51023,824825.0,51.60402,-0.04604,Tottenham,28.1,17.19,21.3,15.15,28.63,17.46,1.23,0.04
2023-09-07,30,24.377729138775575,129.23113958333334,136.58894,832474.0,51.60402,-0.04604,Tottenham,27.81,17.99,21.91,16.09,29.44,16.92,1.67,0.06
2023-09-08,30,17.136683541666667,129.31072958333334,136.67151,829442.0,51.60402,-0.04604,Tottenham,27.52,14.21,22.07,16.88,27.97,15.59,0.89,0.01
2023-09-09,30,22.354795542395625,129.30775958333334,136.67153,829879.0,51.60402,-0.04604,Tottenham,27.22,17.05,24.07,18.58,31.07,16.15,0.77,0.0
2023-09-10,30,13.607065229166666,129.30474958333335,136.67152,832544.0,51.60402,-0.04604,Tottenham,26.93,10.06,21.91,17.23,28.07,18.35,1.89,0.43
2023-09-11,30,17.930542579166666,129.35070958333333,136.72047,827557.0,51.60402,-0.04604,Tottenham,26.63,12.37,20.12,15.8,25.2,15.73,2.76,0.09
2023-09-12,30,10.7729709875,129.47323958333334,136.84598,821607.0,51.60402,-0.04604,Tottenham,26.34,7.21,18.74,14.69,23.48,15.73,1.98,3.75
2023-09-13,30,9.684432691666666,129.54106958333332,136.91682,828531.0,51.60402,-0.04604,Tottenham,26.05,12.78,16.3,12.55,21.1,12.0,2.73,0.58
2023-09-14,30,22.998211233333333,129.65928958333333,137.03802,831882.0,51.60402,-0.04604,Tottenham,25.76,14.42,16.8,11.35,23.32,12.33,1.69,0.02
2023-09-15,30,21.986628449375,129.72597958333333,137.10775,828957.0,51.60402,-0.04604,Tottenham,25.46,14.96,17.98,12.01,25.19,13.83,1.76,0.05
2023-09-16,30,18.800444442708333,129.73282958333334,137.1176,808382.0,51.60402,-0.04604,Tottenham,25.16,11.24,18.68,14.13,25.91,15.3,2.43,0.15
2023-09-17,30,8.587933216520833,129.72980958333332,137.11759,792035.0,51.60402,-0.04604,Tottenham,24.87,4.97,17.86,14.67,21.23,15.91,3.59,3.97
2023-09-18,30,11.557191322291667,129.76543958333335,137.15621,794344.0,51.60402,-0.04604,Tottenham,24.57,10.39,16.99,12.37,20.96,12.93,4.72,3.99
2023-09-19,30,3.66068409898125,129.87043958333334,137.26422,783906.0,51.60402,-0.04604,Tottenham,24.27,5.19,16.63,12.77,20.47,14.01,6.81,1.58
2023-09-20,30,6.573709796666667,129.98194958333335,137.37872,757748.0,51.60402,-0.04604,Tottenham,23.97,3.72,17.83,13.52,21.56,14.82,7.2,11.81
2023-09-21,30,15.572251909930209,130.08978958333333,137.48956,775800.0,51.60402,-0.04604,Tottenham,23.67,12.73,13.88,10.87,18.37,10.91,1.83,3.77
2023-09-22,30,19.05825448675869,130.17820958333334,137.58098,781588.0,51.60402,-0.04604,Tottenham,23.37,12.84,13.12,9.59,18.21,9.33,2.73,1.48
2023-09-23,30,20.254765875975192,130.17902958333335,137.58482,784135.0,51.60402,-0.04604,Tottenham,23.07,13.34,12.6,7.97,18.34,7.87,3.05,0.1
2023-09-24,30,12.4845847375,130.17976958333333,137.58858,785186.0,51.60402,-0.04604,Tottenham,22.77,7.64,16.59,12.13,20.48,12.48,5.56,0.41
2023-09-25,30,21.146498520833333,130.22963958333332,137.64146,791343.0,51.60402,-0.04604,Tottenham,22.48,14.11,17.0,13.5,21.94,12.94,2.87,0.2
2023-09-26,30,15.147507777083334,130.28840958333333,137.70324,796876.0,51.60402,-0.04604,Tottenham,22.19,11.75,17.12,13.18,22.52,14.83,3.26,1.18
2023-09-27,30,9.2370758125,130.32469958333334,137.74254,794307.0,51.60402,-0.04604,Tottenham,21.89,6.37,16.83,13.04,20.75,14.91,4.05,0.56
2023-09-28,30,8.462488498541667,130.409039375,137.82988,798660.0,51.60402,-0.04604,Tottenham,21.6,6.5,16.25,12.43,19.47,12.38,4.54,2.47
2023-09-29,30,19.575423304166666,130.52002958333333,137.94388,799245.0,51.60402,-0.04604,Tottenham,21.31,14.66,16.01,11.6,20.11,11.77,3.28,0.78
2023-09-30,30,15.529353315604167,130.51744937499998,137.94432,807902.0,51.60402,-0.04604,Tottenham,21.01,8.86,14.52,8.9,20.33,11.08,2.29,0.01
2023-10-01,30,11.371426742364584,130.51012958333334,137.94007,806457.0,51.60402,-0.04604,Tottenham,20.72,6.6,17.62,14.85,22.35,16.0,3.28,0.21
2023-10-02,30,6.591109519868749,130.56799958333335,138.00095,793199.0,51.60402,-0.04604,Tottenham,20.43,4.9,17.23,13.96,20.96,15.97,1.73,2.47
2023-10-03,30,17.997029111572918,130.64484958333333,138.08082,773181.0,51.60402,-0.04604,Tottenham,20.14,12.04,14.47,11.12,18.21,10.44,4.49,0.89
2023-10-04,30,15.58693699292896,130.71852958333332,138.15752,771255.0,51.60402,-0.04604,Tottenham,19.84,9.16,13.25,9.82,18.04,9.96,3.63,0.1
2023-10-05,30,10.157331383333334,130.74653958333334,138.18855,775200.0,51.60402,-0.04604,Tottenham,19.56,8.15,14.51,11.23,19.12,10.53,3.44,0.05
2023-10-06,30,16.848066477083332,130.80954958333334,138.25458,750497.0,51.60402,-0.04604,Tottenham,19.27,10.62,16.24,13.26,21.41,12.91,4.15,0.06
2023-10-07,30,17.307724489791667,130.80648958333333,138.25455,771540.0,51.60402,-0.04604,Tottenham,18.98,10.43,17.38,13.94,22.89,13.23,3.88,0.02
2023-10-08,30,16.448336600087377,130.80678958333334,138.25788,778099.0,51.60402,-0.04604,Tottenham,18.69,11.18,16.59,12.37,22.83,12.51,1.54,0.0
2023-10-09,30,15.779126108933333,130.86543958333334,138.31955,778436.0,51.60402,-0.04604,Tottenham,18.41,10.62,15.68,11.66,22.07,12.76,1.55,0.0
2023-10-10,30,14.377163558936042,130.94551958333332,138.4027,760392.0,51.60402,-0.04604,Tottenham,18.13,9.0,16.11,11.81,22.04,12.8,3.43,0.09
2023-10-11,30,6.489245159525958,131.02657958333333,138.4868,761043.0,51.60402,-0.04604,Tottenham,17.85,4.7,16.01,14.01,19.12,13.44,3.74,7.05
2023-10-12,30,4.069274749145833,131.07144958333333,138.5347,730847.0,51.60402,-0.04604,Tottenham,17.57,4.52,14.64,11.69,16.98,13.32,1.64,7.98
2023-10-13,30,5.863921338458333,131.11779937499998,138.58407,742650.0,51.60402,-0.04604,Tottenham,17.29,6.89,16.44,8.02,21.62,14.15,5.91,9.28
2023-10-14,30,16.51778013541667,131.11477958333333,138.58409,766186.0,51.60402,-0.04604,Tottenham,17.01,10.5,9.0,5.66,13.51,5.81,3.32,0.3
2023-10-15,30,18.98764002170979,131.11184958333334,138.58419,769907.0,51.60402,-0.04604,Tottenham,16.74,12.03,6.46,2.94,11.4,1.23,2.61,0.02
2023-10-16,30,9.679162579164585,131.147739375,138.62311,732122.0,51.60402,-0.04604,Tottenham,16.47,6.74,7.9,3.01,12.31,4.55,2.33,0.02
2023-10-17,30,17.329133758294585,131.18615958333334,138.66457,765806.0,51.60402,-0.04604,Tottenham,16.2,10.04,10.83,7.48,14.6,5.95,4.77,0.0
2023-10-18,30,2.565772395833333,131.21776937500002,138.6992,772453.0,51.60402,-0.04604,Tottenham,15.93,3.56,12.9,9.81,16.38,11.24,5.79,10.78
2023-10-19,30,5.751149268750001,131.24049937499998,138.72496,740004.0,51.60402,-0.04604,Tottenham,15.67,5.28,15.67,13.6,18.67,14.32,4.44,9.58
2023-10-20,30,10.501768252708333,131.25731958333333,138.74483,738970.0,51.60402,-0.04604,Tottenham,15.41,4.41,13.66,11.54,15.6,13.03,1.98,14.29
2023-10-21,30,7.306705528958333,131.27086958333334,138.76141,759091.0,51.60402,-0.04604,Tottenham,15.15,4.46,12.32,7.4,15.26,11.33,3.13,6.46
2023-10-22,30,15.607538958333334,131.26781958333333,138.7614,736821.0,51.60402,-0.04604,Tottenham,14.89,9.25,9.65,6.69,15.25,7.87,1.99,0.67
2023-10-23,30,5.4730716416666665,131.27794958333334,138.77456,745278.0,51.60402,-0.04604,Tottenham,14.64,5.47,10.29,7.12,13.55,9.91,2.35,0.47
2023-10-24,30,12.240607040958333,131.30037958333332,138.80003,746290.0,51.60402,-0.04604,Tottenham,14.38,7.84,10.42,8.08,14.53,8.83,1.49,3.49
2023-10-25,30,6.770753742833333,131.32513958333334,138.82784,747425.0,51.60402,-0.04604,Tottenham,14.14,6.64,10.48,8.37,14.44,9.09,1.79,3.62
2023-10-26,30,11.886481678679168,131.33779958333332,138.84353,734996.0,51.60402,-0.04604,Tottenham,13.89,7.06,11.36,8.07,15.71,10.4,2.03,3.12
2023-10-27,30,8.554607043099521,131.38554958333333,138.89431,734526.0,51.60402,-0.04604,Tottenham,13.65,6.64,9.98,7.33,13.01,9.59,1.95,3.37
2023-10-28,30,5.993026300875001,131.38576958333334,138.89758,745299.0,51.60402,-0.04604,Tottenham,13.41,6.38,12.12,9.91,15.26,10.73,3.8,10.72
2023-10-29,30,3.4173660684375,131.40609,138.92093,730816.0,51.60402,-0.04604,Tottenham,13.18,4.34,10.82,9.12,13.08,9.4,4.31,6.24
2023-10-30,30,5.690297686218333,131.42816,138.94604,791070.0,51.60402,-0.04604,Tottenham,12.94,6.93,9.98,7.16,12.95,9.38,2.25,4.97
2023-10-31,30,10.172224452901043,131.47463,138.99556,772423.0,51.60402,-0.04604,Tottenham,12.71,5.13,10.37,6.57,14.75,9.48,2.09,5.56
2023-11-01,30,5.803067594731043,131.53186,139.05582,761186.0,51.60402,-0.04604,Tottenham,12.48,5.14,11.75,9.33,13.4,10.04,5.34,8.17
2023-11-02,30,2.5820139416666668,131.56334,139.09035,775803.0,51.60402,-0.04604,Tottenham,12.26,2.55,10.4,8.54,12.39,8.65,7.48,17.22
2023-11-03,30,10.421183270833334,131.62426,139.1543,777241.0,51.60402,-0.04604,Tottenham,12.05,5.7,9.13,6.57,13.19,7.56,4.33,1.07
2023-11-04,30,4.346774065145833,131.62146,139.15455,796197.0,51.60402,-0.04604,Tottenham,11.83,4.35,9.29,6.52,13.12,8.28,4.12,10.9
2023-11-05,30,12.252616341666666,131.6184,139.15454,802371.0,51.60402,-0.04604,Tottenham,11.62,6.27,8.89,7.35,12.78,7.33,4.26,0.67
2023-11-06,30,12.720352054166666,131.84339,139.38256,793247.0,51.60402,-0.04604,Tottenham,11.41,6.62,9.12,7.08,13.05,7.51,3.74,0.44
2023-11-07,30,12.400042237500001,131.89181,139.43403,799443.0,51.60402,-0.04604,Tottenham,11.2,6.13,7.87,5.56,12.14,6.55,3.6,0.19
2023-11-08,30,1.1426628860199999,131.94806,139.49333,781730.0,51.60402,-0.04604,Tottenham,11.0,2.27,8.77,4.83,12.93,7.87,3.84,5.55
2023-11-09,30,5.8571064745833334,131.97365,139.52199,756506.0,51.60402,-0.04604,Tottenham,10.8,5.37,7.28,4.58,10.05,6.19,3.66,2.39
2023-11-10,30,3.6671458585833334,132.0409,139.59228,759789.0,51.60402,-0.04604,Tottenham,10.61,4.1,6.84,3.12,9.48,5.82,3.4,1.88
2023-11-11,30,11.508168459979167,132.07777,139.63221,775142.0,51.60402,-0.04604,Tottenham,10.42,6.65,5.55,3.19,10.05,4.71,2.45,0.56
2023-11-12,30,1.9085112544672915,132.0747,139.6322,787361.0,51.60402,-0.04604,Tottenham,10.24,2.53,7.42,3.94,9.36,6.84,2.19,1.5
2023-11-13,30,7.005466490416667,132.115,139.67555,775135.0,51.60402,-0.04604,Tottenham,10.06,4.49,11.87,8.57,14.8,9.92,6.4,10.25
2023-11-14,30,2.4359515479166665,132.23383,139.79743,698383.0,51.60402,-0.04604,Tottenham,9.88,1.71,10.26,7.99,11.97,9.46,4.81,6.52
2023-11-15,30,11.693003153541667,132.34466,139.91131,741371.0,51.60402,-0.04604,Tottenham,9.71,6.03,7.69,5.01,11.32,6.45,3.94,2.28
2023-11-16,30,1.75961250885,132.38388,139.95359,744890.0,51.60402,-0.04604,Tottenham,9.54,1.56,5.43,4.02,6.65,5.03,2.11,4.02
2023-11-17,30,10.231960287254166,132.4192,139.99197,750864.0,51.60402,-0.04604,Tottenham,9.38,5.31,6.16,4.3,9.53,5.55,2.09,1.8
2023-11-18,30,0.702414766868125,132.41618,139.99202,742063.0,51.60402,-0.04604,Tottenham,9.22,1.77,11.8,7.57,14.51,11.17,5.1,6.59
2023-11-19,30,3.962707138655625,132.4131,139.99201,755151.0,51.60402,-0.04604,Tottenham,9.07,2.87,10.95,9.55,13.11,9.61,6.11,0.68
2023-11-20,30,2.3487630997341666,132.42654,140.00852,756534.0,51.60402,-0.04604,Tottenham,8.92,3.85,9.23,7.26,11.48,8.05,3.25,1.66
2023-11-21,30,2.4214408916666668,132.51408,140.09912,758254.0,51.60402,-0.04604,Tottenham,8.77,2.4,8.33,4.87,10.85,7.48,3.93,0.77
2023-11-22,30,3.8717555000000003,132.63091,140.21902,741847.0,51.60402,-0.04604,Tottenham,8.63,2.3,7.05,4.3,9.45,6.31,2.88,0.21
2023-11-23,30,6.619462187500001,132.6912,140.28236,738972.0,51.60402,-0.04604,Tottenham,8.49,4.44,9.83,7.47,12.48,8.68,4.59,0.15
2023-11-24,30,5.477661733333334,132.771,140.36523,752365.0,51.60402,-0.04604,Tottenham,8.36,3.95,4.88,-0.06,7.93,1.25,4.55,0.01
2023-11-25,30,12.235651829166665,132.76844,140.36574,746512.0,51.60402,-0.04604,Tottenham,8.23,5.61,0.67,-1.86,5.58,-0.89,2.72,0.01
2023-11-26,30,1.8302197389583332,132.76536,140.36573,728860.0,51.60402,-0.04604,Tottenham,8.11,1.82,3.7,-0.07,9.04,3.11,2.16,4.91
2023-11-27,30,3.015759607794687,132.81951,140.42295,718538.0,51.60402,-0.04604,Tottenham,7.99,2.11,6.64,3.76,9.46,6.09,3.86,6.35
2023-11-28,30,9.283811773333333,132.90191,140.50841,721912.0,51.60402,-0.04604,Tottenham,7.87,3.86,2.96,-0.04,6.55,2.24,2.69,0.6
2023-11-29,30,7.053475751933333,132.95992,140.56949,727186.0,51.60402,-0.04604,Tottenham,7.77,3.54,0.19,-2.49,4.3,-0.45,1.57,0.27
2023-11-30,30,0.9666858439060416,132.99726,140.60991,686905.0,51.60402,-0.04604,Tottenham,7.66,3.46,0.11,-2.13,5.05,-0.82,3.37,0.14
2023-12-01,30,3.8737941028,133.06147,140.67722,695151.0,51.60402,-0.04604,Tottenham,7.56,3.52,-0.54,-2.51,3.99,-0.85,2.7,0.29
2023-12-02,30,3.0469352304166666,133.05836,140.6772,672149.0,51.60402,-0.04604,Tottenham,7.47,3.33,-1.56,-2.75,0.41,-1.99,1.84,0.27
2023-12-03,30,0.8877389785416666,133.05527,140.67719,586888.0,51.60402,-0.04604,Tottenham,7.38,1.53,5.42,1.28,7.33,4.8,3.79,9.34
2023-12-04,30,0.49082979374999997,133.10803,140.73303,633555.0,51.60402,-0.04604,Tottenham,7.29,1.56,5.12,4.12,6.41,4.64,3.79,9.11
2023-12-05,30,0.9968412854166667,133.14173,140.7698,674586.0,51.60402,-0.04604,Tottenham,7.2,1.78,3.95,2.25,5.4,3.54,3.48,1.46
2023-12-06,30,9.3452624375,133.20586,140.837,689715.0,51.60402,-0.04604,Tottenham,7.13,3.61,2.1,0.5,4.38,1.63,1.8,0.31
2023-12-07,30,0.8454178208333333,133.23241,140.86664,434948.0,51.60402,-0.04604,Tottenham,7.06,0.9,5.71,4.45,6.99,4.85,4.75,8.49
2023-12-08,30,7.885657666666667,133.36296,141.00026,496520.0,51.60402,-0.04604,Tottenham,6.99,2.98,7.51,5.8,10.29,7.18,3.22,0.42
2023-12-09,30,2.4863954500000003,133.36016,141.00055,452135.0,51.60402,-0.04604,Tottenham,6.93,2.45,9.07,6.97,13.07,7.53,6.63,11.64
2023-12-10,30,0.92200845,133.35719,141.00067,423366.0,51.60402,-0.04604,Tottenham,6.87,1.85,8.19,5.76,10.31,7.31,5.67,4.57
2023-12-11,30,6.275875458333334,133.36327,141.00983,655248.0,51.60402,-0.04604,Tottenham,6.82,3.42,7.48,4.11,10.23,7.05,4.2,0.38
2023-12-12,30,1.6045910791666664,133.39561,141.04526,591240.0,51.60402,-0.04604,Tottenham,6.77,2.04,9.12,7.01,11.17,8.78,3.24,7.49
2023-12-13,30,1.2941834291666667,133.43989,141.09262,655100.0,51.60402,-0.04604,Tottenham,6.73,1.78,5.91,2.98,7.68,5.26,4.74,1.19
2023-12-14,30,1.2707510366666666,133.46178,141.11759,656357.0,51.60402,-0.04604,Tottenham,6.69,2.34,4.13,2.03,6.9,3.76,2.51,0.48
2023-12-15,30,2.9862653916666666,133.48994,141.14884,638908.0,51.60402,-0.04604,Tottenham,6.66,2.11,4.46,2.19,8.2,4.09,2.28,0.04
2023-12-16,30,1.1241657808333334,133.48691,141.1489,636051.0,51.60402,-0.04604,Tottenham,6.63,2.84,8.17,4.42,11.26,7.71,3.73,0.43
2023-12-17,30,1.7833399110416668,133.48381,141.14889,660732.0,51.60402,-0.04604,Tottenham,6.61,2.44,8.28,6.51,9.51,7.31,4.49,0.1
2023-12-18,30,1.4580400312500001,133.51375,141.18192,638810.0,51.60402,-0.04604,Tottenham,6.59,1.48,9.78,7.95,11.44,8.96,4.9,0.87
2023-12-19,30,0.31728800032291665,133.52854,141.1998,138780.0,51.60402,-0.04604,Tottenham,6.57,0.83,8.93,4.24,11.34,8.34,4.11,10.63
2023-12-20,30,2.7263756858333337,133.5412,141.21555,474413.0,51.60402,-0.04604,Tottenham,6.56,2.1,7.2,4.38,9.09,6.41,5.34,3.66
2023-12-21,30,2.3192330804166668,133.586,141.26343,645386.0,51.60402,-0.04604,Tottenham,6.56,2.02,9.79,7.73,12.03,7.43,7.19,0.22
2023-12-22,30,4.245008120833334,133.59906,141.27959,638515.0,51.60402,-0.04604,Tottenham,6.56,1.74,8.77,7.71,9.99,6.89,6.43,0.31
2023-12-23,30,2.5604020833333334,133.59596,141.27958,543555.0,51.60402,-0.04604,Tottenham,6.56,2.34,8.93,7.43,10.49,7.48,6.15,0.18
2023-12-24,30,0.9184920945833333,133.5929,141.27961,602233.0,51.60402,-0.04604,Tottenham,6.57,0.98,11.73,9.92,13.21,10.6,7.4,1.01
2023-12-25,30,0.7112029629625,133.59478,141.28459,618335.0,51.60402,-0.04604,Tottenham,6.59,1.17,11.15,9.31,12.03,10.32,5.3,3.9
2023-12-26,30,3.4760967641666665,133.59174,141.28464,640557.0,51.60402,-0.04604,Tottenham,6.61,2.86,6.37,4.47,8.77,5.39,2.81,0.32
2023-12-27,30,0.5902575689583334,133.6063,141.3023,416301.0,51.60402,-0.04604,Tottenham,6.63,0.91,9.48,6.23,11.33,8.51,6.49,5.29
2023-12-28,30,3.1072168958333335,133.62892,141.32801,590638.0,51.60402,-0.04604,Tottenham,6.66,2.14,10.15,8.73,11.42,8.19,7.93,1.81
2023-12-29,30,4.840927929166667,133.62591,141.32809,635200.0,51.60402,-0.04604,Tottenham,6.7,2.38,7.97,5.37,10.37,7.07,5.03,0.73
2023-12-30,30,1.6896298081249999,133.633,141.33828,537284.0,51.60402,-0.04604,Tottenham,6.74,1.25,8.51,5.15,10.69,7.7,5.81,1.73
2023-12-31,30,3.271314208125,133.62989,141.33827,657653.0,51.60402,-0.04604,Tottenham,6.78,2.17,7.93,6.1,10.03,6.53,6.67,6.73
